,Sugar_Nominal,Gold_Nominal,BTC_Nominal,CPI,Sugar_Real,Gold_Real,BTC_Real
1960-01-31,6.660000000000001,,,29.37,74.25548518896835,,
1960-02-29,6.79,,,29.41,75.60195171710302,,
1960-03-31,6.83,,,29.41,76.04732403944236,,
1960-04-30,6.81,,,29.54,75.49094786729857,,
1960-05-31,6.83,,,29.57,75.63584037876225,,
1960-06-30,6.660000000000001,,,29.61,73.6536170212766,,
1960-07-31,7.28,,,29.55,80.67373265651437,,
1960-08-31,7.41,,,29.61,81.94794326241134,,
1960-09-30,7.249999999999999,,,29.61,80.17848699763593,,
1960-10-31,5.38,,,29.75,59.217976470588226,,
1960-11-30,5.2,,,29.78,57.17904633982538,,
1960-12-31,6.35,,,29.81,69.75414290506541,,
1961-01-31,6.460000000000001,,,29.84,70.89113941018768,,
1961-02-28,6.260000000000001,,,29.84,68.6963672922252,,
1961-03-31,6.260000000000001,,,29.84,68.6963672922252,,
1961-04-30,6.68,,,29.81,73.37916135524992,,
1961-05-31,7.03,,,29.84,77.1462399463807,,
1961-06-30,6.550000000000001,,,29.84,71.87878686327079,,
1961-07-31,6.09,,,29.92,66.65211898395721,,
1961-08-31,5.36,,,29.94,58.623433533734136,,
1961-09-30,5.42,,,29.98,59.200573715810535,,
1961-10-31,5.27,,,29.98,57.56218145430286,,
1961-11-30,5.09,,,29.98,55.59611074049366,,
1961-12-31,4.87,,,30.01,53.13996001332888,,
1962-01-31,4.65,,,30.04,50.68871504660453,,
1962-02-28,4.9799999999999995,,,30.11,54.159774161408166,,
1962-03-31,5.58,,,30.17,60.56436194895591,,
1962-04-30,5.71,,,30.21,61.89330023171135,,
1962-05-31,5.53,,,30.24,59.882731481481486,,
1962-06-30,5.62,,,30.21,60.917749089705396,,
1962-07-31,6.21,,,30.22,67.29075446724023,,
1962-08-31,6.460000000000001,,,30.28,69.86101717305152,,
1962-09-30,6.260000000000001,,,30.42,67.38657462195924,,
1962-10-31,6.660000000000001,,,30.38,71.7868202764977,,
1962-11-30,7.539999999999999,,,30.38,81.2721658986175,,
1962-12-31,8.82,,,30.38,95.06903225806451,,
1963-01-31,11.57,,,30.44,124.4649211563732,,
1963-02-28,13.05,,,30.48,140.20187007874017,,
1963-03-31,14.31,,,30.51,153.58743362831856,,
1963-04-30,16.470000000000002,,,30.48,176.94442913385828,,
1963-05-31,21.91,,,30.51,235.15727958046537,,
1963-06-30,21.54,,,30.61,230.43085266252857,,
1963-07-31,19.75,,,30.69,210.73101987618114,,
1963-08-31,14.13,,,30.75,150.47186341463416,,
1963-09-30,16.07,,,30.72,171.29824869791668,,
1963-10-31,23.04,,,30.75,245.3553951219512,,
1963-11-30,25.419999999999998,,,30.78,270.4364262508122,,
1963-12-31,22.62,,,30.88,239.86869170984457,,
1964-01-31,23.1,,,30.94,244.48371040723984,,
1964-02-29,19.91,,,30.91,210.9261921708185,,
1964-03-31,16.12,,,30.94,170.6094117647059,,
1964-04-30,17.11,,,30.95,181.0287754442649,,
1964-05-31,15.45,,,30.98,163.30719819238217,,
1964-06-30,11.55,,,31.01,121.96591422121895,,
1964-07-31,10.34,,,31.02,109.15333333333334,,
1964-08-31,9.33,,,31.05,98.39619323671498,,
1964-09-30,7.829999999999999,,,31.08,82.49716216216216,,
1964-10-31,7.6899999999999995,,,31.12,80.91797557840616,,
1964-11-30,7.249999999999999,,,31.21,76.06808715155397,,
1964-12-31,5.91,,,31.25,61.929235199999994,,
1965-01-31,5.13,,,31.28,53.704277493606135,,
1965-02-28,4.760000000000001,,,31.28,49.8308695652174,,
1965-03-31,5.34,,,31.31,55.84913446183328,,
1965-04-30,5.12,,,31.38,53.42878266411727,,
1965-05-31,4.96,,,31.48,51.59471410419313,,
1965-06-30,4.12,,,31.61,42.6806453653907,,
1965-07-31,4.08,,,31.58,42.30642178594047,,
1965-08-31,3.7699999999999996,,,31.55,39.129134706814575,,
1965-09-30,3.9,,,31.62,40.38880455407969,,
1965-10-31,4.279999999999999,,,31.65,44.282110584518165,,
1965-11-30,3.7699999999999996,,,31.75,38.88265196850393,,
1965-12-31,3.83,,,31.85,39.37745054945054,,
1966-01-31,5.3100000000000005,,,31.88,54.5424278544542,,
1966-02-28,4.89,,,32.08,49.915193266832915,,
1966-03-31,4.72,,,32.18,48.03018023617153,,
1966-04-30,4.52,,,32.28,45.85251548946715,,
1966-05-31,4.5,,,32.35,45.55085007727975,,
1966-06-30,3.6999999999999997,,,32.38,37.418221124150705,,
1966-07-31,3.7900000000000005,,,32.45,38.245713405238824,,
1966-08-31,3.5900000000000003,,,32.65,36.00555589586524,,
1966-09-30,3.29,,,32.75,32.895981679389315,,
1966-10-31,3.37,,,32.85,33.59330898021309,,
1966-11-30,3.11,,,32.88,30.973254257907538,,
1966-12-31,2.98,,,32.92,29.642490886998782,,
1967-01-31,2.87,,,32.9,28.565659574468086,,
1967-02-28,3.6999999999999997,,,33.0,36.71521212121211,,
1967-03-31,3.46,,,33.0,34.33368484848484,,
1967-04-30,4.52,,,33.1,44.7165921450151,,
1967-05-31,5.6000000000000005,,,33.1,55.40108761329305,,
1967-06-30,5.47,,,33.3,53.78997597597597,,
1967-07-31,3.6999999999999997,,,33.4,36.27550898203592,,
1967-08-31,3.62,,,33.5,35.38522985074627,,
1967-09-30,3.6999999999999997,,,33.6,36.05958333333332,,
1967-10-31,4.279999999999999,,,33.7,41.58839169139465,,
1967-11-30,4.8500000000000005,,,33.9,46.848997050147496,,
1967-12-31,4.7,,,34.0,45.26652941176471,,
1968-01-31,4.67,,,34.1,44.84569501466275,,
1968-02-29,4.61,,,34.2,44.140076023391806,,
1968-03-31,4.17,,,34.3,39.81073469387755,,
1968-04-30,3.88,,,34.4,36.934441860465114,,
1968-05-31,4.14,,,34.5,39.295199999999994,,
1968-06-30,3.84,,,34.7,36.237648414985586,,
1968-07-31,3.5900000000000003,,,34.9,33.684280802292264,,
1968-08-31,3.37,,,35.0,31.52972,,
1968-09-30,3.04,,,35.1,28.36120797720797,,
1968-10-31,3.9,,,35.3,36.17830028328612,,
1968-11-30,5.09,,,35.4,47.083937853107344,,
1968-12-31,6.02,,,35.6,55.37385393258426,,
1969-01-31,6.35,,,35.7,58.245686274509794,,
1969-02-28,6.88,,,35.8,62.930860335195526,,
1969-03-31,7.739999999999999,,,36.1,70.20887534626037,,
1969-04-30,8.05,,,36.3,72.61853994490359,,
1969-05-31,8.05,,,36.4,72.41903846153846,,
1969-06-30,8.03,,,36.6,71.84436612021857,,
1969-07-31,7.6499999999999995,,,36.8,68.07252717391304,,
1969-08-31,6.5,,,36.9,57.68265582655826,,
1969-09-30,6.04,,,37.1,53.31154716981131,,
1969-10-31,6.5,,,37.3,57.06407506702413,,
1969-11-30,6.7,,,37.5,58.506186666666665,,
1969-12-31,6.22,,,37.7,54.02655702917772,,
1970-01-31,7.91,,,37.9,68.34323482849605,,
1970-02-28,6.9,,,38.1,59.30377952755905,,
1970-03-31,7.449999999999999,,,38.3,63.696527415143606,,
1970-04-30,7.870000000000001,,,38.5,66.93792727272726,,
1970-05-31,8.05,,,38.6,68.29152849740933,,
1970-06-30,8.42,,,38.8,71.06219587628865,,
1970-07-31,8.42,,,38.9,70.87951670951156,,
1970-08-31,8.41,,,39.0,70.61381025641026,,
1970-09-30,8.53,,,39.2,71.25596428571427,,
1970-10-31,8.66,,,39.4,71.97471065989848,,
1970-11-30,9.01,,,39.6,74.50541919191919,,
1970-12-31,9.06,,,39.8,74.54240201005027,,
1971-01-31,10.4,,,39.9,85.35298245614035,,
1971-02-28,10.63,,,39.9,87.24059649122808,,
1971-03-31,10.34,,,40.0,84.64840999999998,,
1971-04-30,10.05,,,40.1,82.06915211970073,,
1971-05-31,9.610000000000001,,,40.3,78.0866153846154,,
1971-06-30,9.15,,,40.5,73.9817037037037,,
1971-07-31,9.2,,,40.6,74.20275862068964,,
1971-08-31,9.370000000000001,,,40.7,75.3882113022113,,
1971-09-30,8.790000000000001,,,40.8,70.54836764705883,,
1971-10-31,9.28,,,40.9,74.29899266503666,,
1971-11-30,9.35,,,41.0,74.67685365853657,,
1971-12-31,12.75,,,41.1,101.58430656934306,,
1972-01-31,17.41,,,41.2,138.37569417475726,,
1972-02-29,18.099999999999998,,,41.4,143.16487922705312,,
1972-03-31,18.5,,,41.4,146.32874396135264,,
1972-04-30,15.6,,,41.5,123.09339759036143,,
1972-05-31,14.62,,,41.6,115.08329807692306,,
1972-06-30,13.950000000000001,,,41.7,109.54597122302157,,
1972-07-31,12.25,,,41.8,95.96614832535886,,
1972-08-31,13.780000000000001,,,41.9,107.69448210023866,,
1972-09-30,15.58,,,42.1,121.18353444180521,,
1972-10-31,16.33,,,42.2,126.71615639810425,,
1972-11-30,16.04,,,42.4,123.8787358490566,,
1972-12-31,20.169999999999998,,,42.5,155.40866352941174,,
1973-01-31,20.72,,,42.7,158.89862295081963,,
1973-02-28,19.79,,,43.0,150.70775348837208,,
1973-03-31,19.33,,,43.4,145.84796774193546,,
1973-04-30,19.82,,,43.7,148.518471395881,,
1973-05-31,20.01,,,43.9,149.25910250569478,,
1973-06-30,20.669999999999998,,,44.2,153.1357058823529,,
1973-07-31,20.979999999999997,,,44.2,155.43237104072395,,
1973-08-31,19.77,,,45.0,143.86409333333333,,
1973-09-30,19.77,,,45.2,143.22752654867253,,
1973-10-31,20.96,,,45.6,150.51670175438596,,
1973-11-30,22.35,,,45.9,159.449477124183,,
1973-12-31,26.119999999999997,,,46.3,184.7355334773218,,
1974-01-31,33.42,,,46.8,233.84002564102565,,
1974-02-28,46.5,,,47.3,321.92156448202957,,
1974-03-31,46.52,,,47.8,318.6911966527197,,
1974-04-30,47.620000000000005,,,48.1,324.1922079002079,,
1974-05-31,52.1,,,48.6,351.04251028806584,,
1974-06-30,51.83,,,49.0,346.3724857142857,,
1974-07-31,55.17999999999999,,,49.3,366.5160811359026,,
1974-08-31,67.53,,,49.9,443.15378356713427,,
1974-09-30,75.29,,,50.6,487.24235968379446,,
1974-10-31,87.08,,,51.0,559.1218980392156,,
1974-11-30,123.77,,,51.5,786.98493592233,,
1974-12-31,98.94,,,51.9,624.2561156069364,,
1975-01-31,84.45,,,52.3,528.7571128107074,,
1975-02-28,74.91,,,52.6,466.3503536121672,,
1975-03-31,58.199999999999996,,,52.8,360.95022727272726,,
1975-04-30,52.800000000000004,,,53.0,326.2243018867925,,
1975-05-31,39.09,,,53.1,241.0623615819209,,
1975-06-30,30.09,,,53.5,184.17329719626167,,
1975-07-31,36.8,,,54.0,223.1579259259259,,
1975-08-31,41.02,,,54.2,247.83042804428044,,
1975-09-30,34.17,,,54.6,204.9323846153846,,
1975-10-31,31.009999999999998,,,54.9,184.9642003642987,,
1975-11-30,29.69,,,55.3,175.8098987341772,,
1975-12-31,29.080000000000002,,,55.6,171.2686474820144,,
1976-01-31,30.91,,,55.8,181.39406093189965,,
1976-02-29,29.759999999999998,,,55.9,174.33290876565295,,
1976-03-31,32.61,,,56.0,190.68697499999996,,
1976-04-30,30.97,,,56.1,180.77426381461675,,
1976-05-31,32.06,,,56.4,186.1412695035461,,
1976-06-30,28.64,,,56.7,165.40483950617283,,
1976-07-31,29.12,,,57.0,167.29184561403508,,
1976-08-31,22.09,,,57.3,126.24068760907504,,
1976-09-30,17.919999999999998,,,57.6,101.87644444444443,,
1976-10-31,17.7,,,57.9,100.10435233160621,,
1976-11-30,17.37,,,58.1,97.8998313253012,,
1976-12-31,16.64,,,58.4,93.30367123287671,,
1977-01-31,18.39,,,58.7,102.58925724020442,,
1977-02-28,18.94,,,59.3,104.5884047217538,,
1977-03-31,19.8,,,59.6,108.78704697986576,,
1977-04-30,22.13,,,60.0,120.77816333333332,,
1977-05-31,19.86,,,60.2,108.02916279069765,,
1977-06-30,17.349999999999998,,,60.5,93.90795041322312,,
1977-07-31,16.29,,,60.8,87.7355822368421,,
1977-08-31,16.78,,,61.1,89.9309132569558,,
1977-09-30,16.12,,,61.3,86.11183034257749,,
1977-10-31,15.629999999999999,,,61.6,83.08765909090909,,
1977-11-30,15.590000000000002,,,62.0,82.34034516129033,,
1977-12-31,17.84,,,62.3,93.77024719101122,,
1978-01-31,19.33,,,62.7,100.95377671451354,,
1978-02-28,18.7,,,63.0,97.19844444444443,,
1978-03-31,17.06,,,63.4,88.11463091482649,,
1978-04-30,16.73,,,63.9,85.73405007824726,,
1978-05-31,16.16,,,64.5,82.04269147286821,,
1978-06-30,15.939999999999998,,,65.0,80.30326769230767,,
1978-07-31,14.180000000000001,,,65.5,70.89134045801528,,
1978-08-31,15.61,,,65.9,77.5667769347496,,
1978-09-30,18.01,,,66.5,88.68503157894737,,
1978-10-31,19.75,,,67.1,96.38353204172877,,
1978-11-30,17.66,,,67.5,85.67323851851852,,
1978-12-31,17.64,226.0,,67.9,85.07208247422679,1089.925773195876,
1979-01-31,16.689999999999998,233.7,,68.5,79.78550948905107,1117.1883503649633,
1979-02-28,18.14,251.3,,69.2,85.8399479768786,1189.171936416185,
1979-03-31,18.65,240.1,,69.9,87.36951359084404,1124.7946494992843,
1979-04-30,17.24,245.3,,70.6,79.96332011331444,1137.761161473088,
1979-05-31,17.31,274.6,,71.4,79.38841176470586,1259.390980392157,
1979-06-30,17.95,277.5,,72.2,81.4114542936288,1258.589335180055,
1979-07-31,18.78,296.5,,73.0,84.2424493150685,1330.0258904109587,
1979-08-31,19.56,315.1,,73.7,86.90797286295793,1400.0359023066485,
1979-09-30,21.82,397.3,,74.4,96.03732795698923,1748.6540053763438,
1979-10-31,26.200000000000003,382.0,,75.2,114.08845744680852,1663.4271276595744,
1979-11-30,30.3,415.7,,76.0,130.5531315789474,1791.1200263157896,
1979-12-31,32.9,512.0,,76.9,140.09667100130036,2180.2278283485043,
1980-01-31,38.1,653.0,,78.0,159.9516153846154,2741.4279487179488,
1980-02-29,50.0,637.0,,79.0,207.25316455696202,2640.405316455696,
1980-03-31,43.3,494.5,,80.1,177.01645443196003,2021.5851435705367,
1980-04-30,46.800000000000004,518.0,,80.9,189.432978986403,2096.7154511742892,
1980-05-31,68.16,535.5,,81.7,273.19061933904527,2146.3259485924114,
1980-06-30,67.9,653.5,,82.5,269.50950303030305,2593.880121212121,
1980-07-31,60.9,614.3,,82.6,241.43237288135592,2435.3350847457627,
1980-08-31,70.28,631.3,,83.2,276.60924038461536,2484.6814663461532,
1980-09-30,76.49000000000001,666.8,,83.9,298.5389201430274,2602.506889153754,
1980-10-31,89.4,629.0,,84.7,345.6307438016529,2431.786776859504,
1980-11-30,83.3,619.8,,85.6,318.6614252336449,2371.024626168224,
1980-12-31,63.3,589.8,,86.4,239.90993055555552,2235.369305555555,
1981-01-31,61.6,506.5,,87.2,231.32495412844034,1902.0469036697245,
1981-02-28,53.2,489.0,,88.0,197.96445454545454,1819.6356818181816,
1981-03-31,49.66,513.8,,88.6,183.54022121896162,1898.9723250564332,
1981-04-30,39.31,482.8,,89.1,144.47197081930415,1774.3848260381594,
1981-05-31,33.050000000000004,479.3,,89.7,120.65276477146043,1749.738885172798,
1981-06-30,36.1,426.0,,90.5,130.62216574585634,1541.4139226519335,
1981-07-31,36.02,406.0,,91.5,128.90829726775956,1452.991912568306,
1981-08-31,33.0,425.0,,92.2,117.20368763557482,1509.4414316702819,
1981-09-30,25.679999999999996,428.8,,93.1,90.3240902255639,1508.2153383458647,
1981-10-31,26.55,427.0,,93.4,93.0841862955032,1497.0601713062097,
1981-11-30,26.22,414.5,,93.8,91.53519402985074,1447.0380597014926,
1981-12-31,28.51,397.5,,94.1,99.21237619553666,1383.2662061636556,
1982-01-31,28.62,387.0,,94.4,99.27865677966102,1342.4472457627119,
1982-02-28,28.84,362.6,,94.7,99.72488278775079,1253.8225554382261,
1982-03-31,24.84,320.0,,94.7,85.89341499472016,1106.5174234424499,
1982-04-30,21.029999999999998,361.3,,95.0,72.48930315789472,1245.3820842105263,
1982-05-31,17.919999999999998,325.3,,95.9,61.189605839416046,1110.768905109489,
1982-06-30,15.1,317.5,,97.0,50.975731958762886,1071.8407216494845,
1982-07-31,17.26,342.9,,97.5,57.968816410256416,1151.6516307692307,
1982-08-31,14.899999999999999,411.5,,97.7,49.94016376663254,1379.2199590583418,
1982-09-30,13.0,397.0,,97.7,43.571954964176044,1330.6204708290684,
1982-10-31,13.020000000000001,423.3,,98.1,43.46105198776759,1412.9848929663608,
1982-11-30,14.330000000000002,436.0,,98.0,47.882671428571435,1456.8628571428571,
1982-12-31,13.91,456.9,,97.7,46.621991811668366,1531.386632548618,
1983-01-31,13.270000000000001,499.5,,97.9,44.386049029622065,1670.7484167517873,
1983-02-28,14.17,408.5,,98.0,47.34804285714285,1364.9735714285714,
1983-03-31,13.669999999999998,414.8,,98.1,45.63076656472986,1384.6117023445463,
1983-04-30,14.790000000000001,429.3,,98.8,49.01956882591093,1422.8601012145748,
1983-05-31,20.36,437.5,,99.2,67.20852419354839,1444.1910282258063,
1983-06-30,23.68,416.0,,99.4,78.01059154929575,1370.4563380281688,
1983-07-31,23.21,422.0,,99.8,76.15577755511022,1384.6505010020041,
1983-08-31,23.28,414.3,,100.1,76.15653146853147,1355.3114685314686,
1983-09-30,20.79,405.0,,100.4,67.807703187251,1320.929282868526,
1983-10-31,21.47,382.0,,100.8,69.74768055555555,1240.9694444444444,
1983-11-30,18.360000000000003,405.0,,101.1,59.467513353115734,1311.7833827893176,
1983-12-31,17.02,382.4,,101.4,54.96419329388559,1234.918185404339,
1984-01-31,15.36,373.8,,102.1,49.26332615083252,1198.8692262487757,
1984-02-29,14.62,394.3,,102.6,46.66145419103314,1258.4549512670567,
1984-03-31,14.149999999999999,388.5,,102.9,45.029727891156455,1236.3285714285712,
1984-04-30,13.25,375.8,,103.3,42.00237173281703,1191.282362052275,
1984-05-31,12.41,384.3,,103.5,39.263561352657,1215.8732173913043,
1984-06-30,12.17,373.1,,103.7,38.42997299903568,1178.1612921890066,
1984-07-31,10.01,342.4,,104.1,31.487748318924112,1077.0634390009604,
1984-08-31,8.9,348.3,,104.4,27.915651340996167,1092.4743103448275,
1984-09-30,9.04,343.8,,104.7,28.273528175740203,1075.269799426934,
1984-10-31,10.25,333.5,,105.1,31.93591817316841,1039.0857278782112,
1984-11-30,9.610000000000001,329.0,,105.3,29.885000949667617,1023.1181386514719,
1984-12-31,7.829999999999999,308.3,,105.5,24.30342938388625,956.9281327014218,
1985-01-31,7.960000000000001,306.7,,105.7,24.660185430463578,950.1606622516555,
1985-02-28,8.16,287.8,,106.3,25.137098777046095,886.5756161806208,
1985-03-31,8.44,329.3,,106.8,25.877925093632957,1009.6683333333333,
1985-04-30,7.539999999999999,321.4,,107.0,23.07521869158878,983.60414953271,
1985-05-31,6.22,314.0,,107.2,19.00001119402985,959.1645522388059,
1985-06-30,6.13,317.8,,107.5,18.672835348837207,968.0631441860464,
1985-07-31,7.08,327.5,,107.7,21.526618384401115,995.7581244196842,
1985-08-31,9.68,333.3,,107.9,29.377319740500457,1011.51453197405,
1985-09-30,11.29,325.8,,108.1,34.20003145235892,986.9238482886217,
1985-10-31,11.05,325.1,,108.5,33.34961290322581,981.1727741935484,
1985-11-30,12.08,325.3,,109.0,36.29097981651376,977.2728256880733,
1985-12-31,11.73,326.8,,109.5,35.07859178082192,977.2961461187215,
1986-01-31,10.67,350.5,,109.9,31.792522292993624,1044.3560509554138,
1986-02-28,12.35,338.2,,109.7,36.86536918869644,1009.5439562443024,
1986-03-31,15.329999999999998,344.0,,109.1,46.01248212648945,1032.5044912923922,
1986-04-30,18.37,345.8,,108.7,55.339836246550135,1041.7264765409384,
1986-05-31,16.91,343.2,,109.0,50.80136330275229,1031.048366972477,
1986-06-30,14.01,346.8,,109.4,41.9352340036563,1038.0541864716636,
1986-07-31,12.24,357.5,,109.5,36.60374794520548,1069.1045662100457,
1986-08-31,12.280000000000001,384.7,,109.6,36.68986131386861,1149.3965510948904,
1986-09-30,10.32,423.2,,110.0,30.721701818181813,1259.827927272727,
1986-10-31,11.88,401.0,,110.2,35.30149546279492,1191.5740471869326,
1986-11-30,13.100000000000001,389.5,,110.4,38.85621376811594,1155.304981884058,
1986-12-31,12.590000000000002,388.8,,110.8,37.20867689530686,1149.0654151624549,
1987-01-31,14.31,400.5,,111.4,42.06420646319569,1177.2686714542187,
1987-02-28,16.259999999999998,405.9,,111.8,47.62522003577817,1188.8731127012522,
1987-03-31,16.650000000000002,421.0,,112.2,48.593663101604285,1228.7046345811052,
1987-04-30,14.719999999999999,453.3,,112.7,42.77028571428571,1317.1039751552794,
1987-05-31,14.84,451.0,,113.0,43.0044814159292,1306.9421238938053,
1987-06-30,14.2,447.3,,113.5,40.96856387665198,1290.5097621145374,
1987-07-31,13.450000000000001,462.5,,113.8,38.70243409490334,1330.8457820738136,
1987-08-31,12.379999999999999,453.4,,114.3,35.46767104111986,1298.9533158355205,
1987-09-30,12.83,459.5,,114.7,36.62869921534437,1311.8384481255446,
1987-10-31,14.66,468.8,,115.0,41.74403130434783,1334.8978086956522,
1987-11-30,16.16,492.5,,115.4,45.85575043327556,1397.522097053726,
1987-12-31,18.29,484.1,,115.6,51.81006401384083,1371.3095674740484,
1988-01-31,21.310000000000002,458.0,,116.0,60.15666034482759,1292.9024137931035,
1988-02-29,18.58,426.2,,116.2,52.35978313253011,1201.062409638554,
1988-03-31,18.78,457.0,,116.5,52.78711416309013,1284.542660944206,
1988-04-30,18.83,449.0,,117.2,52.61153412969282,1254.5182593856655,
1988-05-31,19.62,455.5,,117.5,54.678852765957444,1269.4300425531915,
1988-06-30,23.3,436.6,,118.0,64.65947457627118,1211.602,
1988-07-31,30.919999999999998,436.8,,118.5,85.44357130801686,1207.0424303797467,
1988-08-31,24.57,427.8,,119.0,67.61085882352941,1177.2049411764706,
1988-09-30,22.400000000000002,396.7,,119.5,61.38162343096234,1087.0575899581588,
1988-10-31,22.66,412.4,,119.9,61.886935779816504,1126.3094578815678,
1988-11-30,23.9,422.6,,120.3,65.05647547797173,1150.3291438071487,
1988-12-31,24.73,410.3,,120.7,67.0926743993372,1113.1469594034795,
1989-01-31,21.27,394.0,,121.2,57.46760891089108,1064.5151815181516,
1989-02-28,23.24,387.0,,121.6,62.58363815789473,1042.1629934210528,
1989-03-31,25.44,383.2,,122.2,68.17170540098199,1026.863109656301,
1989-04-30,26.810000000000002,377.6,,123.1,71.31764906580017,1004.4589439480098,
1989-05-31,26.41,361.8,,123.7,69.91284236054972,957.7609377526273,
1989-06-30,27.87,373.0,,124.1,73.53996937953264,984.2270749395648,
1989-07-31,30.9,368.3,,124.5,81.2732048192771,968.7029558232931,
1989-08-31,30.86,359.8,,124.5,81.16799678714858,946.3462489959838,
1989-09-30,31.15,366.5,,124.8,81.73380608974358,961.6513621794871,
1989-10-31,31.840000000000003,375.3,,125.4,83.14454864433812,980.0298086124401,
1989-11-30,33.12,408.2,,125.9,86.14356791104049,1061.7090706910244,
1989-12-31,29.56,398.6,,126.3,76.64067775138558,1033.4565003958828,
1990-01-31,31.3,415.1,,127.5,80.38821960784313,1066.1070274509802,
1990-02-28,32.29,407.7,,128.0,82.6069015625,1043.0112656249999,
1990-03-31,33.86,368.5,,128.6,86.21925038880248,938.3282270606531,
1990-04-30,33.6,367.8,,128.9,85.35807602792862,934.36608223429,
1990-05-31,32.25,363.1,,129.1,81.80158791634392,920.997103020914,
1990-06-30,28.599999999999998,352.2,,129.9,72.09665896843725,887.8476674364896,
1990-07-31,26.43,372.3,,130.5,66.32005977011494,934.2019770114941,
1990-08-31,24.099999999999998,387.8,,131.6,59.96797872340425,964.9619148936171,
1990-09-30,24.3,408.4,,132.5,60.05492830188679,1009.3182188679244,
1990-10-31,21.64,379.5,,133.4,53.12019790104947,931.5672413793102,
1990-11-30,22.17,384.9,,133.7,54.2990890052356,942.7027225130889,
1990-12-31,21.47,386.2,,134.2,52.38871982116244,942.3625335320417,
1991-01-31,19.41,366.0,,134.7,47.18632962138084,889.7576837416481,
1991-02-28,18.759999999999998,362.7,,134.8,45.57232640949554,881.0811721068247,
1991-03-31,20.150000000000002,355.7,,134.8,48.948954005934716,864.0765727002965,
1991-04-30,18.75,357.8,,135.1,45.446891191709845,867.2478756476684,
1991-05-31,16.71,360.4,,135.6,40.352924778761064,870.3287905604719,
1991-06-30,20.28,368.4,,136.0,48.83006470588236,887.0313529411764,
1991-07-31,22.73,362.9,,136.2,54.648794419970635,872.505389133627,
1991-08-31,20.86,347.4,,136.6,50.00597071742313,832.7935871156661,
1991-09-30,20.48,354.9,,137.0,48.95168467153284,848.288715328467,
1991-10-31,20.11,357.5,,137.2,47.99723469387755,853.2576530612246,
1991-11-30,19.03,366.3,,137.8,45.22179825834542,870.454267053701,
1991-12-31,19.84,353.2,,138.2,47.010176555716356,836.8948769898698,
1992-01-31,18.33,354.1,,138.3,43.400880694143154,838.4207230657989,
1992-02-29,17.28,353.1,,138.6,40.82618181818182,834.2433333333333,
1992-03-31,18.12,341.7,,139.1,42.65690294751977,804.4074910136592,
1992-04-30,20.86,336.4,,139.4,49.00154662840745,790.2262840746052,
1992-05-31,21.14,337.5,,139.7,49.55264423765211,791.1077308518253,
1992-06-30,22.84,343.4,,140.1,53.38462812276945,802.6392862241256,
1992-07-31,22.73,357.9,,140.5,52.976269039145905,834.1489964412809,
1992-08-31,21.62,340.0,,140.8,50.281855113636354,790.7414772727271,
1992-09-30,20.53,349.0,,141.1,47.64531396172927,809.9471296952516,
1992-10-31,19.2,339.3,,141.7,44.370021171489064,784.1014678899083,
1992-11-30,18.89,334.2,,142.1,43.53074876847291,770.1416748768472,
1992-12-31,17.97,332.9,,142.3,41.352468025298656,766.0677020379478,
1993-01-31,18.17,330.5,,142.8,41.66630392156863,757.881862745098,
1993-02-28,18.87,327.6,,143.1,43.18078406708595,749.6568553459119,
1993-03-31,23.41,337.8,,143.3,53.49503558967201,771.9189672016746,
1993-04-30,24.58,354.3,,143.8,55.973343532684275,806.8086091794158,
1993-05-31,26.08,377.5,,144.2,59.224388349514555,857.254854368932,
1993-06-30,22.91,378.5,,144.3,51.989664587664585,858.9300762300761,
1993-07-31,21.34,401.8,,144.5,48.35983667820069,910.5427543252596,
1993-08-31,20.59,371.6,,144.8,46.56354558011049,840.3600552486187,
1993-09-30,21.029999999999998,355.5,,145.0,47.49299172413792,802.8415862068965,
1993-10-31,22.689999999999998,369.6,,145.6,51.030682692307685,831.2446153846154,
1993-11-30,22.31,370.9,,146.0,50.03857945205479,831.8829726027396,
1993-12-31,23.189999999999998,391.8,,146.3,51.90565550239233,876.9571291866027,
1994-01-31,22.71,377.9,,146.3,50.831282296650706,845.8450717703347,
1994-02-28,23.849999999999998,381.6,,146.7,53.23736196319018,851.797791411043,
1994-03-31,25.86,389.2,,147.1,57.567067301155674,866.3999456152277,
1994-04-30,24.27,376.5,,147.2,53.99085733695652,837.559035326087,
1994-05-31,25.53,387.6,,147.5,56.67833084745762,860.4982779661016,
1994-06-30,26.57,388.3,,147.9,58.827668695064226,859.7208789722785,
1994-07-31,25.96,384.0,,148.4,57.28343396226415,847.3358490566036,
1994-08-31,26.68,385.8,,149.0,58.63511946308724,847.8796510067114,
1994-09-30,27.77,394.9,,149.3,60.90799866041527,866.1349899531144,
1994-10-31,28.110000000000003,383.9,,149.4,61.61245381526105,841.4450736278446,
1994-11-30,30.73,383.1,,149.8,67.17520560747663,837.4494392523364,
1994-12-31,32.34,383.3,,150.1,70.55334043970686,836.2119786808794,
1995-01-31,32.54,374.9,,150.5,70.80098604651162,815.7126511627906,
1995-02-28,31.77,376.4,,150.9,68.94237375745526,816.8054605699137,
1995-03-31,32.17,392.0,,151.2,69.67187962962963,848.9703703703703,
1995-04-30,30.2,389.8,,151.8,65.14685111989459,840.8689591567852,
1995-05-31,29.81,384.3,,152.1,64.17871531886915,827.369349112426,
1995-06-30,30.91,387.1,,152.4,66.41593569553805,831.7569947506561,
1995-07-31,29.959999999999997,383.4,,152.6,64.2903119266055,822.7271559633027,
1995-08-31,28.62,382.4,,152.9,61.294344015696524,818.971249182472,
1995-09-30,25.77,384.0,,153.1,55.11851208360549,821.3235793598956,
1995-10-31,26.040000000000003,382.7,,153.5,55.5508690553746,816.4100456026058,
1995-11-30,26.41,387.8,,153.7,56.26687443070917,826.2133246584256,
1995-12-31,27.139999999999997,387.0,,153.9,57.747007147498365,823.4374269005848,
1996-01-31,27.62,405.6,,154.7,58.46441628959276,858.5505882352942,
1996-02-29,28.24,400.7,,155.0,59.661099354838704,846.5369161290322,
1996-03-31,28.46,396.4,,155.5,59.93255048231511,834.7597684887459,
1996-04-30,26.41,391.3,,156.1,55.40178475336323,820.8526457399104,
1996-05-31,25.11,390.6,,156.4,52.57366112531968,817.8125063938618,
1996-06-30,26.83,382.0,,156.7,56.06733758774728,798.2751754945756,
1996-07-31,28.24,385.3,,157.0,58.90108535031846,803.6327261146496,
1996-08-31,27.27,386.5,,157.2,56.80556106870228,805.1099872773536,
1996-09-30,26.279999999999998,379.0,,157.7,54.56974508560558,786.9837666455296,
1996-10-31,24.52,379.5,,158.2,50.754230088495575,785.5314159292035,
1996-11-30,23.630000000000003,371.3,,158.7,48.75790674228104,766.1367233774417,
1996-12-31,23.68,369.3,,159.1,48.738232558139536,760.0941420490258,
1997-01-31,23.57,345.5,,159.4,48.42052823086574,709.7705771643664,
1997-02-28,23.830000000000002,358.6,,159.7,48.862691296180344,735.298409517846,
1997-03-31,24.490000000000002,348.2,,159.8,50.18457697121402,713.5267334167709,
1997-04-30,24.91,340.2,,159.9,51.01331207004377,696.6972607879924,
1997-05-31,24.47,345.6,,159.9,50.1122338961851,707.755947467167,
1997-06-30,25.2,334.6,,160.2,51.51056179775281,683.9457927590512,
1997-07-31,24.740000000000002,326.4,,160.4,50.50723441396508,666.3525187032417,
1997-08-31,25.790000000000003,325.4,,160.8,52.51985945273632,662.6584825870646,
1997-09-30,24.98,332.1,,161.2,50.74411166253102,674.6244789081887,
1997-10-31,25.09,311.4,,161.5,50.87288792569659,631.3996532507739,
1997-11-30,26.479999999999997,296.8,,161.7,53.6248658008658,601.0521212121213,
1997-12-31,27.229999999999997,290.2,,161.8,55.109615574783675,587.3231891223733,
1998-01-31,25.4,304.9,,162.0,51.34249382716049,616.3120617283951,
1998-02-28,23.630000000000003,297.4,,162.0,47.764690123456795,601.1518765432098,
1998-03-31,21.69,301.0,,162.0,43.84325555555556,608.4287654320988,
1998-04-30,21.34,310.7,,162.2,43.082591861898884,627.2615413070283,
1998-05-31,20.349999999999998,293.6,,162.6,40.98284747847478,591.2807872078721,
1998-06-30,17.86,296.3,,162.8,35.92405159705159,595.9852457002456,
1998-07-31,19.009999999999998,288.9,,163.2,38.14347181372548,579.6764338235294,
1998-08-31,18.82,273.4,,163.4,37.71601713586291,547.9043084455324,
1998-09-30,15.939999999999998,293.9,,163.5,31.924846483180424,588.6268746177369,
1998-10-31,16.45,292.3,,163.9,32.86587553386211,583.9936424649176,
1998-11-30,17.77,294.7,,164.1,35.45986715417428,588.0710664229128,
1998-12-31,17.810000000000002,287.8,,164.4,35.474833333333336,573.2541849148419,
1999-01-31,17.88,285.4,,164.7,35.549391621129324,567.4382756527018,
1999-02-28,15.040000000000001,287.1,,164.7,29.902843958712815,570.8182513661203,
1999-03-31,13.29,279.5,,164.8,26.407423543689315,555.3705703883495,
1999-04-30,11.95,286.6,,165.9,23.587383966244722,565.7024472573839,
1999-05-31,12.629999999999999,268.6,,166.0,24.914577108433733,529.8539518072289,
1999-06-30,13.320000000000002,261.0,,166.0,26.275706024096387,514.8618072289156,
1999-07-31,11.86,255.6,,166.7,23.297394121175763,502.0922375524895,
1999-08-31,12.629999999999999,254.8,,167.1,24.750567324955114,499.3226092160383,
1999-09-30,14.7,299.0,,167.8,28.686901072705595,583.4954707985696,
1999-10-31,14.879999999999999,299.1,,168.1,28.986346222486613,582.6489351576442,
1999-11-30,14.35,291.4,,168.4,27.904103325415672,566.6380285035629,
1999-12-31,13.18,290.3,,168.8,25.568263033175352,563.1613625592416,
2000-01-31,12.41,283.3,,169.3,24.00341760189013,547.9587595983461,
2000-02-29,11.73,293.7,,170.0,22.59474,565.7353058823529,
2000-03-31,11.27,276.8,,171.0,21.581720467836256,530.0639064327486,
2000-04-30,13.25,275.1,,170.9,25.388209479227616,527.1167115272088,
2000-05-31,15.260000000000002,272.3,,171.2,29.188315420560752,520.8373714953271,
2000-06-30,18.45,288.2,,172.2,35.085,548.0486178861788,
2000-07-31,21.25,276.8,,172.7,40.29255935147655,524.8461378112333,
2000-08-31,23.02,277.0,,172.7,43.648692530399536,525.2253618992472,
2000-09-30,22.11,273.7,,173.6,41.70587903225806,516.2776612903225,
2000-10-31,23.7,264.5,,173.9,44.627958596894764,498.0630822311673,
2000-11-30,21.89,269.1,,174.2,41.148676234213546,505.8523880597015,
2000-12-31,22.09,274.5,,174.6,41.4295040091638,514.8211340206185,
2001-01-31,22.75,264.5,,175.6,42.4243451025057,493.2412870159453,
2001-02-28,21.759999999999998,266.7,,176.0,40.48596363636363,496.21353409090904,
2001-03-31,20.44,257.7,,176.1,38.0084179443498,479.1961499148211,
2001-04-30,19.39,263.2,,176.4,35.99461111111111,488.59111111111105,
2001-05-31,21.13,267.5,,177.3,39.02554878736604,494.0527354765933,
2001-06-30,19.93,270.6,,177.7,36.726380416432185,498.65321328081035,
2001-07-31,19.38,265.9,,177.4,35.773251409244644,490.82082299887253,
2001-08-31,17.88,273.0,,177.4,33.00442390078917,503.9266065388951,
2001-09-30,16.619999999999997,293.1,,178.1,30.558030320044914,538.902448062886,
2001-10-31,14.97,278.8,,177.6,27.601780405405403,514.0531981981982,
2001-11-30,16.950000000000003,275.5,,177.5,31.27012394366198,508.25481690140845,
2001-12-31,17.27,276.5,,177.4,31.878434047350616,510.38720405862455,
2002-01-31,17.130000000000003,282.3,,177.7,31.566628024760835,520.2136072031514,
2002-02-28,14.37,296.9,,178.0,26.43595617977528,546.1959213483145,
2002-03-31,14.77,301.4,,178.5,27.09570980392157,552.9212549019608,
2002-04-30,15.190000000000001,308.2,,179.3,27.741870607919687,562.8732403792525,
2002-05-31,13.4,326.6,,179.5,24.445481894150415,595.8130139275765,
2002-06-30,12.68,318.5,,179.6,23.1191135857461,580.7127505567928,
2002-07-31,14.09,304.7,,180.0,25.63284111111111,554.317011111111,
2002-08-31,13.87,312.8,,180.5,25.162715789473683,567.4763878116344,
2002-09-30,15.340000000000002,323.7,,180.8,27.78338716814159,586.2765597345132,
2002-10-31,16.56,316.9,,181.2,29.926807947019864,572.6935651214127,
2002-11-30,17.26,319.1,,181.5,31.140273278236915,575.71617630854,
2002-12-31,17.53,347.2,,181.8,31.57521342134213,625.3801540154014,
2003-01-31,18.05584,367.5,,182.6,32.37987604819277,659.0446330777656,
2003-02-28,19.86363,347.5,,183.6,35.4278010882353,619.7840413943355,
2003-03-31,18.14402,334.9,,183.9,32.307997766177266,596.3368896139204,
2003-04-30,17.085810000000002,336.8,,183.2,30.539952743449785,602.011615720524,
2003-05-31,15.807129999999999,361.4,,182.9,28.300726024056857,647.0423400765445,
2003-06-30,14.83709,346.0,,183.1,26.53497264554888,618.793883123976,
2003-07-31,15.079600000000001,354.8,,183.7,26.880597800762114,632.4594882961351,
2003-08-31,15.05755,375.6,,184.5,26.724906899728996,666.6340162601626,
2003-09-30,13.183629999999999,388.0,,185.1,23.32313063101026,686.4099405726633,
2003-10-31,13.20567,386.3,,184.9,23.387391553272035,684.1416873985938,
2003-11-30,13.404089999999998,398.4,,185.0,23.7259638454054,705.1895351351351,
2003-12-31,13.8383,416.3,,185.5,24.428516,734.8873207547169,
2004-01-31,12.8088422,399.8,,186.3,22.514135624326354,702.729511540526,
2004-02-29,12.8749808,395.9,,186.7,22.58190258579539,694.3835779325119,
2004-03-31,14.2418452,423.7,,187.1,24.925893261314805,741.5542597541421,
2004-04-30,14.5063996,388.5,,187.4,25.348269012892207,678.8591782283884,
2004-05-31,13.9772908,393.3,,188.2,24.319891845738578,684.3252816153029,
2004-06-30,15.278016599999999,395.8,,188.9,26.484591401990468,686.123176283748,
2004-07-31,17.4385442,391.4,,189.1,30.197914773833947,677.7781279746165,
2004-08-31,16.696990200000002,407.3,,189.2,28.898501114651165,704.9389957716702,
2004-09-30,16.9535278,415.7,,189.8,29.24974822649104,717.2029610115911,
2004-10-31,18.629039,425.6,,190.8,31.97203936551362,730.4348846960168,
2004-11-30,17.9896992,453.4,,191.7,30.729822118059467,774.4932916014606,
2004-12-31,18.188115,435.6,,191.7,31.06875397965571,744.0875117370892,
2005-01-31,19.2242864,422.2,,191.6,32.85587069177453,721.5741753653444,
2005-02-28,20.062041999999998,435.5,,192.4,34.14509497567567,741.210135135135,
2005-03-31,19.5770256,427.5,,193.1,33.19882342297255,724.9567581563956,
2005-04-30,18.9376858,435.7,,193.7,32.01515019136809,736.5736809499225,
2005-05-31,18.9376858,414.5,,193.6,32.0316869425,701.0959194214876,
2005-06-30,19.951811,437.1,,193.7,33.72958198275684,738.94045431079,
2005-07-31,21.252536799999998,429.0,,194.9,35.70731503605951,720.7816316059517,
2005-08-31,21.8918766,433.3,,196.1,36.55641974215196,723.5513411524732,
2005-09-30,22.7296322,473.3,,198.8,37.43986599704225,779.6117605633801,
2005-10-31,24.5153744,470.8,,199.1,40.320464595801106,774.3253038674034,
2005-11-30,25.088575600000002,495.7,,198.1,41.4715041190106,819.393851590106,
2005-12-31,29.3434922,513.0,,198.1,48.504896293851594,847.9908127208481,
2006-01-31,34.722765,568.8,,199.3,57.05126255343703,934.5672252885096,
2006-02-28,39.7713448,556.0,,199.4,65.3135635316349,913.0780341023068,
2006-03-31,38.0076488,582.0,,199.7,62.32340849297946,954.3401101652478,
2006-04-30,38.5588038,644.0,,200.7,62.912136982301945,1050.7435974090683,
2006-05-31,37.081708400000004,653.0,,201.3,60.32178953136612,1062.2522603079979,
2006-06-30,33.951147999999996,613.5,,201.8,55.092383171853314,995.5238354806738,
2006-07-31,35.384151,632.5,,202.9,57.106427237358304,1020.7907836372597,
2006-08-31,29.797835626,623.5,,203.8,47.87830841064749,1001.8219332679096,
2006-09-30,26.6318096,599.3,,202.8,43.002230629270215,967.6862820512819,
2006-10-31,25.661776800000002,603.8,,201.9,41.62063115863298,979.2984051510647,
2006-11-30,25.970423599999997,646.7,,202.0,42.10037085176237,1048.3583267326733,
2006-12-31,25.507453400000003,632.0,,203.1,41.12590197126539,1018.979419005416,
2007-01-31,24.140589000000002,650.5,,203.437,38.85761820091724,1047.0697562390321,
2007-02-28,23.3028334,664.2,,204.226,37.3642230918884,1064.9913918893776,
2007-03-31,23.0162328,661.8,,205.288,36.71376599064728,1055.6536573009623,
2007-04-30,21.4289064,677.0,,205.904,34.07952098912114,1076.6688359623902,
2007-05-31,20.7895666,659.1,,206.755,32.92665947056177,1043.887141786172,
2007-06-30,20.4809198,650.5,,207.234,32.36284585400079,1027.8850478203383,
2007-07-31,22.443031599999998,665.5,,207.603,35.40023567933025,1049.7181158268424,
2007-08-31,21.6273222,672.0,,207.667,34.10307332225148,1059.6441418232073,
2007-09-30,21.5170912,743.0,,208.547,33.78608507603562,1166.6568207646237,
2007-10-31,22.0462,789.5,,209.19,34.510486409484194,1235.8605573880204,
2007-11-30,22.266662,783.5,,210.834,34.58380118254171,1216.9048161112532,
2007-12-31,23.5232954,833.8,,211.445,36.429985630703015,1291.2868500082761,
2008-01-31,26.389301399999997,923.3,,212.174,40.72808466845136,1424.9805254178173,
2008-02-29,29.784416200000003,971.5,,212.687,45.85708072826266,1495.7538072378659,
2008-03-31,29.100984,933.5,,213.448,44.645104290693745,1432.1235617105804,
2008-04-30,27.6900272,871.0,,213.942,42.38240414183283,1333.1541258845855,
2008-05-31,26.609763400000002,885.8,,215.208,40.489355056336194,1347.8312516263334,
2008-06-30,26.7420406,930.3,,217.463,40.268683016770666,1400.8637699286774,
2008-07-31,31.3717426,918.0,,219.016,46.90520707069803,1372.540271030427,
2008-08-31,32.2094982,833.0,,218.69,48.22955910454067,1247.3097992592252,
2008-09-30,29.8285086,884.5,,218.877,44.62617555136446,1323.292853977348,
2008-10-31,26.234977999999998,730.8,,216.995,39.59034031143574,1102.8261849351366,
2008-11-30,26.6979482,814.5,,213.153,41.0151868262328,1251.2897777652672,
2008-12-31,25.904284999999998,869.8,,211.398,40.126288640857524,1347.3387070833212,
2009-01-31,27.756165799999998,919.5,,211.933,42.88635584296923,1420.7295230096304,
2009-02-28,29.255307400000003,952.0,,212.705,45.038635486725745,1465.6069203826894,
2009-03-31,29.541908,916.5,,212.495,45.52480384799642,1412.3489493870443,
2009-04-30,30.093062999999997,883.3,,212.709,46.32749159640635,1359.817487741468,
2009-05-31,35.3621048,975.5,,213.022,54.35905604964745,1499.5504220221385,
2009-06-30,36.2219066,934.5,,214.79,55.22242904807486,1424.700265375483,
2009-07-31,40.6311466,939.0,,214.726,61.963037851196404,1431.9874630924992,
2009-08-31,49.4716728,955.5,,215.445,75.19317679727077,1452.2872658915269,
2009-09-30,50.8385372,995.8,,215.861,77.12179315166703,1510.6233548440894,
2009-10-31,49.912596799999996,1040.0,,216.509,75.49052902247942,1572.9526255259595,
2009-11-30,49.0748412,1175.8,,217.234,73.97574734780007,1772.408867856781,
2009-12-31,51.8747086,1087.5,,217.347,78.15563167725341,1638.4525666330796,
2010-01-31,58.3562914,1078.5,,217.488,87.86393355883544,1623.839522180534,
2010-02-28,55.9753018,1108.3,,217.281,84.35929661327036,1670.2975317676187,
2010-03-31,41.1382092,1115.5,,217.353,61.97806326405432,1680.5916182431342,
2010-04-30,36.265999,1179.3,,217.403,54.625115718458346,1776.3028937043184,
2010-05-31,33.510224,1207.5,,217.29,50.500519817018734,1819.724561645727,
2010-06-30,35.009365599999995,1244.0,,217.199,52.781858385057006,1875.5161856177972,
2010-07-31,38.4926652,1169.0,0.1,217.605,57.925177024388226,1759.1541554651778,0.15048367454791942
2010-08-31,40.8075162,1246.0,0.1,217.923,61.31904046315442,1872.290487924634,0.15026408410310066
2010-09-30,49.6259962,1307.0,0.1,218.275,74.44979368068721,1960.7844233192075,0.15002176153934257
2010-10-31,54.255698200000005,1346.8,0.2,219.035,81.11293141539937,2013.4824480105917,0.2990024425320154
2010-11-30,58.091737,1383.5,0.2,219.59,86.62835374115396,2063.1217723940067,0.29824673254701944
2010-12-31,61.6872718,1405.5,0.3,220.472,91.62212899428498,2087.544132588265,0.44558039116078224
2011-01-31,65.2787982,1327.0,0.5,221.187,96.64309050067136,1964.579383055966,0.7402333771876285
2011-02-28,64.97015139999999,1411.0,0.9,221.898,95.87795193036439,2082.2452658428647,1.3281507719763135
2011-03-31,57.8492288,1439.0,0.8,223.046,84.93005237864834,2112.635689499027,1.174502120638792
2011-04-30,53.704543199999996,1535.5,3.5,224.093,78.47674722669605,2243.777494165369,5.114439094483094
2011-05-31,48.391409,1536.5,8.7,224.806,70.4885580951576,2238.117710381395,12.67271336174301
2011-06-30,55.5784702,1505.5,16.1,224.806,80.95747378491676,2192.9620650694374,23.451802887823277
2011-07-31,62.214376400000006,1628.5,13.4,225.395,90.38674192392911,2365.929190975842,19.467885268084917
2011-08-31,61.178205,1813.5,8.2,226.106,88.60187261417211,2626.417299850513,11.875722006492529
2011-09-30,58.7751692,1620.0,5.1,226.597,84.93720969929875,2341.095424917364,7.370115226591702
2011-10-31,56.107578999999994,1722.0,3.3,226.75,81.0275096773539,2486.818610804851,4.765680264608599
2011-11-30,52.9549724,1746.0,3.0,227.169,76.33363382373474,2516.8273840180655,4.3244456770069855
2011-12-31,50.79444480000001,1531.0,4.7,227.223,73.20187170404405,2206.3843008850336,6.773354810032434
2012-01-31,51.94084719999999,1744.0,5.5,227.842,74.65063431725491,2506.5187278903795,7.904732226718514
2012-02-29,53.1754344,1770.0,4.9,228.329,76.2620067911829,2538.4607299116624,7.027377161902343
2012-03-31,53.131342000000004,1662.5,4.9,228.807,76.03958467756668,2379.30766978283,7.012696289886236
2012-04-30,50.155105,1651.3,4.9,229.187,71.66109196114962,2359.360251672215,7.001068996059986
2012-05-31,45.8781422,1558.0,5.2,228.713,65.68606264100423,2230.667605251997,7.4451036889026865
2012-06-30,45.1285714,1598.5,6.7,228.524,64.66630196672558,2290.5463321139136,9.600663387652938
2012-07-31,50.4417056,1622.0,9.4,228.59,72.25880797837175,2323.5492366245244,13.465698412004025
2012-08-31,46.0324656,1648.5,10.2,229.918,65.56159667958141,2347.8710235823205,14.527318435268224
2012-09-30,44.065712495,1776.0,12.4,231.015,62.46242977128195,2517.451074605545,17.576798043417092
2012-10-31,44.778707791,1719.0,11.2,231.638,63.30237548779069,2430.101019694523,15.833118918312191
2012-11-30,42.635251161999996,1726.0,12.6,231.249,60.373620407044,2444.101206924138,17.84222202041955
2012-12-31,42.571212200000005,1657.5,13.5,231.221,60.29023811423703,2347.386050574991,19.118981407398113
2013-01-31,41.6101983,1664.8,20.4,231.679,58.812734582409284,2353.0635405021603,28.833791582318636
2013-02-28,40.283306556,1588.5,33.4,232.937,56.629782150657725,2233.0939696141013,46.953313556884474
2013-03-31,40.773866737,1598.3,93.0,232.282,57.48103771148009,2253.2065248275803,131.10693036912028
2013-04-30,39.2512549,1469.0,139.2,231.797,55.45031182264653,2075.2586961867496,196.6480670586763
2013-05-31,38.851417,1394.5,128.8,231.893,54.86273846480919,1969.196870970663,181.88064322769551
2013-06-30,37.683569659999996,1192.0,97.5,232.445,53.08723233824603,1679.2459291445289,137.35442792918755
2013-07-31,37.1187861,1314.5,106.2,232.9,52.189427635491626,1848.2016745384285,149.3183855732074
2013-08-31,37.548686999999994,1394.8,141.0,233.456,52.668138942755796,1956.4337948050165,197.77542663285587
2013-09-30,38.35928569,1326.5,141.9,233.544,53.78486149097129,1859.9308481485286,198.96282499229267
2013-10-31,41.145877443,1324.0,211.2,233.669,57.6611746850664,1855.432427921547,295.97230270168484
2013-11-30,38.937788476,1253.0,1205.7,234.1,54.46633154357522,1752.7013242204187,1686.5378983340452
2013-12-31,36.489610457,1204.5,805.9,234.719,50.90720325260937,1680.4160293798116,1124.3231864484767
2014-01-31,34.4582106,1251.0,938.8,235.288,47.95691086275542,1741.0682227737918,1306.5666247322426
2014-02-28,36.6187382,1326.5,573.9,235.547,50.9077679230557,1844.1147202044601,797.842018790305
2014-03-31,39.462698,1291.8,444.7,236.028,54.749669899672924,1792.2146016574304,616.9668937583676
2014-04-30,39.132005,1288.5,445.6,236.468,54.18985383772857,1784.3099700593737,617.0652096689615
2014-05-31,40.2784074,1250.5,627.9,236.918,55.67144449642492,1728.3985598392692,867.8620197705535
2014-06-30,40.0579454,1315.0,635.1,237.231,55.293679159485905,1815.1502122403901,876.655437105606
2014-07-31,40.2563612,1285.3,589.5,237.498,55.50509073150932,1772.1595045010904,812.797034080287
2014-08-31,37.9635564,1285.8,481.8,237.46,52.352169539055,1773.1326033858331,664.40759706898
2014-09-30,35.3400586,1216.5,388.2,237.477,48.73084799435734,1677.4470369762123,535.293826349499
2014-10-31,36.927385,1164.3,338.3,237.43,50.9297118818178,1605.7856126016088,466.5784357494841
2014-11-30,35.6927978,1182.8,378.0,236.983,49.3198396829646,1634.3775207504334,522.3154403480418
2014-12-31,33.7968246,1206.0,320.2,236.252,46.84450579684405,1671.5911822968694,443.8171613362003
2015-01-31,33.8188708,1260.3,217.5,234.747,47.17558661950099,1758.0537259262096,303.401321422638
2015-02-28,32.1654058,1214.0,254.3,235.342,44.755648304459044,1689.1861206244528,353.83857534991625
2015-03-31,29.0127992,1187.0,244.2,235.976,40.26058254242804,1647.1803064718445,338.87230904837776
2015-04-30,28.836429600000002,1180.3,236.1,236.222,39.974165136253184,1636.1771469211164,327.29087891898297
2015-05-31,29.4096308,1191.4,230.2,237.001,40.63475555701452,1646.1358559668524,318.0631811680119
2015-06-30,27.4695652,1171.0,263.1,237.657,37.84943772071515,1613.483549821802,362.51709817089335
2015-07-31,28.285274599999997,1098.4,284.6,238.034,38.91165136289773,1511.0533117117723,391.52018619188857
2015-08-31,25.35313,1135.0,230.1,238.033,34.87808812139493,1561.409972566829,316.5466384913016
2015-09-30,26.1467932,1114.0,236.1,237.498,36.050951592316565,1535.9726818752158,325.53245079958566
2015-10-31,30.666264199999997,1142.4,314.2,237.733,42.24055926157496,1573.573311235714,432.7877576945565
2015-11-30,32.077221,1061.9,377.3,238.017,44.13133006743216,1460.9451173655664,519.0833343836784
2015-12-31,32.2756368,1060.0,430.6,237.761,44.4521179946585,1459.901329486333,593.0504834686934
2016-01-31,30.974911,1111.8,368.8,237.652,42.68023982991937,1531.9459882517294,508.16844798276475
2016-02-29,29.2773536,1234.9,437.7,237.336,40.3948925146459,1703.8306620150336,603.9085600161795
2016-03-31,34.0393328,1237.0,416.7,238.08,46.81838003481182,1701.394573252688,573.1375252016128
2016-04-30,33.576362599999996,1285.7,448.3,238.992,46.005371296930434,1761.6293516100957,614.2478325634331
2016-05-31,37.5005862,1212.1,531.4,239.557,51.26104416507136,1656.8677433763153,726.3918148916541
2016-06-30,42.879858999999996,1320.8,673.3,240.222,58.45192625213343,1800.45611143026,917.8127648591717
2016-07-31,43.210552,1342.0,624.7,240.101,58.93239660776089,1830.276925127342,851.9925448040616
2016-08-31,44.379000600000005,1309.3,575.5,240.545,60.414257359230085,1782.3832463780166,783.4427238146708
2016-09-30,47.4654686,1322.5,609.7,241.176,64.44688670413308,1795.6423939363783,827.8284821043553
2016-10-31,48.9866564,1272.0,701.0,241.741,66.35684681019768,1723.0387894482108,949.5677605371036
2016-11-30,44.6215088,1178.1,745.7,242.026,60.372684222554604,1593.9635658978787,1008.9284704949056
2016-12-31,40.7634238,1145.9,963.7,242.637,55.01383036201403,1546.4929668599596,1300.5980209118973
2017-01-31,44.8199246,1212.8,970.4,243.618,60.24486084573389,1630.189427710596,1304.3666067367762
2017-02-28,44.7317398,1255.6,1180.0,244.006,60.03071856801881,1685.03551552011,1583.579092317402
2017-03-31,39.8595296,1244.9,1071.8,243.892,53.51713694100667,1671.4568497531693,1439.0452659373818
2017-04-30,36.2880452,1266.5,1347.9,244.193,48.661850590278995,1698.3619104560735,1807.518372762528
2017-05-31,35.4061972,1266.2,2286.4,244.004,47.51607897867248,1699.2748151669643,3068.410944082884
2017-06-30,30.644218000000002,1242.3,2480.8,244.163,41.098592441442804,1666.1146774900371,3327.132972645323
2017-07-31,32.231544400000004,1267.6,2875.3,244.243,43.21328156476952,1699.4890170854433,3854.954852339678
2017-08-31,31.680389399999996,1311.8,4703.4,245.183,42.31149921864076,1752.0057589637127,6281.737983465411
2017-09-30,31.7244818,1283.1,4338.7,246.435,42.15512735702314,1704.968555602897,5765.214770629171
2017-10-31,31.6142508,1270.2,6468.4,246.626,41.976119983164786,1686.520042493492,8588.479170890334
2017-11-30,33.0472538,1280.2,10233.6,247.284,43.762045782776084,1695.2746315976774,13551.603241616927
2017-12-31,31.7024356,1291.0,14156.4,247.805,41.89293824408708,1705.9819616230502,18706.86525292064
2018-01-31,31.063095800000003,1345.1,10221.1,248.859,40.87423541309738,1769.9438075376013,13449.388633724317
2018-02-28,29.8946472,1317.9,10397.9,249.529,39.2311161112015,1729.4965074199793,13645.293068140376
2018-03-31,27.513657600000002,1323.9,6973.5,249.577,36.0995697427888,1737.036241320314,9149.650448558961
2018-04-30,26.5215786,1313.2,9240.5,250.227,34.70751009425841,1718.5214705047815,12092.596442430273
2018-05-31,27.227057,1305.4,7494.2,250.792,35.550464469440804,1704.4653896456025,9785.203403617339
2018-06-30,27.55775,1250.5,6404.0,251.018,35.94985544861324,1631.3122166537858,8354.197069532862
2018-07-31,25.8381464,1221.0,7780.4,251.214,33.68028621073666,1591.5858988750626,10141.83040754098
2018-08-31,24.4492358,1202.5,7037.6,251.663,31.81296716270568,1564.6743859844314,9157.216181957618
2018-09-30,25.066529399999997,1187.3,6625.6,252.182,32.54905471970243,1541.7169266640758,8603.385554877033
2018-10-31,29.2773536,1215.0,6317.6,252.772,37.928102043960564,1574.0030541357428,8184.297691199975
2018-11-30,28.439598,1217.6,4017.3,252.594,36.868772659208055,1578.4828459900075,5207.982208603529
2018-12-31,27.888443000000002,1279.0,3742.7,252.767,36.12951668841265,1656.9462785885817,4848.67305463134
2019-01-31,28.197089800000004,1323.3,3457.8,252.561,36.55916402733597,1715.7352797937922,4483.238457243992
2019-02-28,28.615967599999998,1319.2,3854.8,253.319,36.991243255721045,1705.3013473130718,4983.016702260787
2019-03-31,28.0207202,1295.4,4105.4,254.277,36.08531261849085,1668.2267133873688,5286.967692713064
2019-04-30,28.241182199999997,1282.3,5350.7,255.233,36.233000917639956,1645.1711103188065,6864.865522875177
2019-05-31,27.337287999999997,1295.6,8574.5,255.296,35.06466348270242,1661.824611431436,10998.236439270493
2019-06-30,28.4836904,1409.0,10817.2,255.213,36.54699901017581,1807.8669190049095,13879.388244329246
2019-07-31,28.285274599999997,1427.6,10085.6,255.802,36.20884911187559,1827.514624592458,12910.88645123963
2019-08-31,27.1609184,1528.4,9630.7,256.036,34.73774914177693,1954.7636426127574,12317.287498633004
2019-09-30,26.1908856,1485.3,8293.9,256.43,33.44564753958585,1896.7216706313611,10591.274398471316
2019-10-31,27.712073399999998,1511.0,9199.6,257.155,35.2884274292314,1924.1004841438044,11714.728533374813
2019-11-30,28.219136,1460.2,7569.6,257.879,35.833232929242,1854.1916635321213,9612.032061548243
2019-12-31,29.563954199999998,1514.8,7193.6,258.63,37.43190056193016,1917.938398484321,9108.054966554537
2020-01-31,14.609999656677246,1582.9000244140625,9350.529296875,259.127,18.46272479353958,2000.3181528541172,11816.307538599556
2020-02-29,14.460000038146973,1564.0999755859375,8599.5087890625,259.25,18.26449995175162,1975.6226731161853,10862.083502666947
2020-03-31,10.420000076293945,1583.4000244140625,6438.64453125,258.076,13.221427893268707,2009.0987615842962,8169.680784742187
2020-04-30,10.390000343322754,1684.199951171875,8658.5537109375,256.032,13.288610456601008,2154.0593207518677,11074.12353996217
2020-05-31,10.90999984741211,1736.9000244140625,9461.05859375,255.802,13.96622602651101,2223.459089431001,12111.391807372009
2020-06-30,11.84000015258789,1793.0,9137.9931640625,257.042,15.083630107011427,2284.201725788004,11641.394174897125
2020-07-31,12.640000343322754,1962.800048828125,11323.466796875,258.352,16.02114368158353,2487.8402489210757,14352.443322694182
2020-08-31,12.65999984741211,1967.5999755859375,11680.8203125,259.316,15.986840573021215,2484.653041098008,14750.348684736962
2020-09-30,13.069999694824219,1887.5,10784.4912109375,259.997,16.461351862010478,2377.261083781736,13582.808616767092
2020-10-31,14.359999656677246,1877.4000244140625,13780.9951171875,260.319,18.063704484019723,2361.6156023748895,17335.364153497125
2020-11-30,14.510000228881836,1775.699951171875,19625.8359375,260.911,18.21097874351655,2228.617061031318,24631.67990653422
2020-12-31,15.489999771118164,1893.0999755859375,29001.720703125,262.045,19.35681018546568,2365.679627565384,36241.49845043909
2021-01-31,15.829999923706055,1847.300048828125,33114.359375,262.687,19.733339582913445,2302.8047599967176,41279.65267005029
2021-02-28,17.530000686645508,1728.0999755859375,45137.76953125,263.579,21.778571224752113,2146.922243446447,56077.35825199702
2021-03-31,14.770000457763672,1713.800048828125,58918.83203125,264.961,18.253948127835006,2118.0511999473797,72816.60597957103
2021-04-30,17.440000534057617,1767.300048828125,57750.17578125,266.614,21.42011512854729,2170.6289766826117,70929.78073667597
2021-05-31,17.360000610351562,1902.5,37332.85546875,268.383,21.181318488375656,2321.2820856760677,45550.63790104767
2021-06-30,17.6299991607666,1770.800048828125,35040.8359375,270.654,21.33025754352284,2142.463011776134,42395.353979966116
2021-07-31,17.90999984741211,1812.5999755859375,41626.1953125,271.903,21.569488199959427,2182.9622622971096,50131.53189568062
2021-08-31,19.84000015258789,1815.0,47166.6875,272.676,23.82610295723287,2179.656075342164,56643.061687680616
2021-09-30,19.829999923706055,1755.300048828125,43790.89453125,273.91,23.706807984435706,2098.465021318162,52352.10953672054
2021-10-31,19.270000457763672,1783.0,61318.95703125,276.55,22.81740860567453,2111.231892966913,72607.14398645135
2021-11-30,18.600000381469727,1773.5999755859375,57005.42578125,278.919,21.837006890588583,2082.264198585866,66926.22849762163
2021-12-31,18.8799991607666,1827.5,46306.4453125,280.845,22.013724742062813,2130.8307073296655,53992.4463032322
2022-01-31,18.219999313354492,1795.0,38483.125,282.543,21.116506072176843,2080.3583879267935,44600.9425556464
2022-02-28,18.0,1899.4000244140625,43193.234375,284.5,20.718031634446394,2186.212766237711,49715.48867640597
2022-03-31,19.489999771118164,1949.199951171875,45538.67578125,287.674,22.185513202619475,2218.77895121124,51836.78320365457
2022-04-30,19.350000381469727,1909.300048828125,37714.875,288.561,21.958445960875093,2166.6801611765204,42798.96786987847
2022-05-31,19.399999618530273,1842.699951171875,31792.310546875,291.298,21.808333305013846,2071.4544075508315,35739.03704000607
2022-06-30,18.829999923706055,1804.0999755859375,19784.7265625,294.957,20.904985387757485,2002.904077561716,21964.918819205002
2022-07-31,17.540000915527344,1762.9000244140625,23336.896484375,294.913,19.475739285140307,1957.4560700770357,25912.38813742845
2022-08-31,17.889999389648438,1712.800048828125,20049.763671875,295.097,19.851978163567498,1900.6411586334589,22248.60168687648
2022-09-30,18.420000076293945,1662.4000244140625,19431.7890625,296.349,20.353749211177416,1836.9203607727002,21471.756767886007
2022-10-31,17.969999313354492,1635.9000244140625,20495.7734375,298.007,19.74603272792606,1797.5813386753628,22521.43731470653
2022-11-30,19.6299991607666,1746.0,17168.56640625,298.786,21.51385782862862,1913.5607424711998,18816.205429272537
2022-12-31,20.040000915527344,1819.699951171875,16547.49609375,298.832,21.95982592158331,1994.0265634561968,18132.740372046417
2023-01-31,21.760000228881836,1929.5,23139.283203125,300.42,23.71855959972587,2103.1691298848277,25221.98814225189
2023-02-28,22.079999923706055,1828.9000244140625,23147.353515625,301.45,23.985127799027314,1986.7029424270322,25144.57582427123
2023-03-31,22.25,1969.0,28478.484375,301.821,24.14008634256728,2136.2620228546057,30897.66614462711
2023-04-30,26.989999771118164,1990.0999755859375,29268.806640625,302.845,29.18372542076096,2151.8537139638133,31647.75189466249
2023-05-31,25.059999465942383,1963.9000244140625,27219.658203125,303.334,27.05317381209324,2120.100951408773,29384.603358658478
2023-06-30,22.889999389648438,1921.0999755859375,30477.251953125,304.014,24.65530929540836,2069.2579881366355,32827.70176561051
2023-07-31,24.110000610351562,1970.5,29230.111328125,304.609,25.918672133343804,2118.321947151923,31422.88066179204
2023-08-31,25.059999465942383,1938.199951171875,25931.47265625,306.082,26.810290788473324,2073.571644235016,27742.63117731727
2023-09-30,26.270000457763672,1848.0999755859375,26967.916015625,307.276,27.995594676770367,1969.4958864518253,28739.35412618155
2023-10-31,27.09000015258789,1985.199951171875,34667.78125,307.696,28.830051251775874,2112.7137694696785,36894.570121564786
2023-11-30,26.040000915527344,2038.0999755859375,37712.74609375,308.148,27.671958603653383,2165.830114118446,40076.24854245159
2023-12-31,20.579999923706055,2062.39990234375,42265.1875,308.741,21.827767530120017,2187.4434299995282,44827.73035894163
2024-01-31,24.1299991607666,2048.39990234375,42582.60546875,309.698,25.513918479243106,2165.8810583907048,45024.830598831366
2024-02-29,22.579999923706055,2045.699951171875,61198.3828125,310.967,23.777593040473054,2154.1993395142963,64444.20930767975
2024-03-31,22.520000457763672,2217.39990234375,71333.6484375,312.345,23.609788374711588,2324.704323813361,74785.62652625701
2024-04-30,19.709999084472656,2291.39990234375,60636.85546875,313.023,20.61904812170804,2397.08204196332,63433.50070696681
2024-05-31,18.299999237060547,2322.89990234375,67491.4140625,313.175,19.134725792824604,2428.855438721112,70569.93198341581
2024-06-30,20.309999465942383,2327.699951171875,62678.29296875,313.044,21.245295949187632,2434.892941601635,65564.69319184164
2024-07-31,18.940000534057617,2426.5,64619.25,313.569,19.77903611288905,2533.9931243203246,67481.86078662112
2024-08-31,19.3799991607666,2493.800048828125,58969.8984375,314.062,20.206757026270704,2600.1864727004786,61485.575912857166
2024-09-30,22.670000076293945,2636.10009765625,63329.5,314.732,23.58679201664659,2742.705978351472,65890.59285360243
2024-10-31,22.739999771118164,2738.300048828125,70215.1875,315.631,23.592233731953943,2840.92416140765,72846.66366342343
2024-11-30,21.079999923706055,2657.0,96449.0546875,316.528,21.80804470699838,2748.76541727746,99780.13776970361
2024-12-31,19.260000228881836,2629.199951171875,93429.203125,317.604,19.857683388589706,2710.7902167817224,96328.53130096754
2025-01-31,19.350000381469727,2812.5,102405.0234375,318.961,19.865598380103133,2887.441568091396,105133.6965172662
2025-02-28,19.510000228881836,2836.800048828125,84373.0078125,319.679,19.984874436386644,2905.847878619671,86426.65029070177
2025-03-31,18.860000610351562,3122.800048828125,82548.9140625,319.785,19.312650061340342,3197.748812449795,84530.12930220694
2025-04-30,17.459999084472656,3305.0,94207.3125,320.302,17.850189197074684,3378.859014305249,96312.6254324044
2025-05-31,17.049999237060547,3288.89990234375,104638.09375,320.62,17.413738226460755,3359.06419444041,106870.40789524982
2025-06-30,15.479999542236328,3294.39990234375,107135.3359375,321.435,15.770157730492038,3356.1503632817967,109143.48812697358
2025-07-31,16.350000381469727,3293.199951171875,115758.203125,322.169,16.618517377264965,3347.2843632091917,117659.30674680835
2025-08-31,16.3700008392334,3473.699951171875,108236.7109375,323.291,16.581100231108717,3518.4950586646155,109632.47774789199
2025-09-30,16.100000381469727,3840.800048828125,114056.0859375,324.245,16.25963738813575,3878.8828940747203,115186.9910132577
2025-10-31,14.430000305175781,3982.199951171875,109556.1640625,324.245,14.57307869028932,4021.6848247798484,110642.45087482073
2025-11-30,15.210000038146973,4218.2998046875,90394.3125,325.063,15.322157897058748,4249.405358478107,91060.8761109385
2025-12-31,15.010000228881836,4325.60009765625,87508.828125,326.031,15.075789341963327,4344.559284173945,87892.38096319827
2026-01-31,14.270000457763672,4713.89990234375,78621.1171875,326.588,14.30810179767564,4726.486159998176,78831.03798736863
2026-02-28,14.300000190734863,5230.5,66995.859375,327.46,14.300000190734863,5230.5,66995.859375
2026-03-31,14.40999984741211,5061.7001953125,70968.265625,327.46,14.40999984741211,5061.7001953125,70968.265625
